actual,ir,sound
9,3229.000000,9.908195
9,3203.000000,9.906046
9,3216.000000,9.904971
12,2506.000000,13.337419
12,2495.000000,13.328818
12,2505.000000,13.334193
20,1719.000000,22.358746
20,1717.000000,22.366272
20,1753.000000,22.360897
30,1367.000000,30.927504
30,1369.000000,30.933952
30,1417.000000,30.940403
40,1155.000000,41.196896
40,1153.000000,41.185070
40,1159.000000,41.619366
50,1099.000000,51.281391
50,1049.000000,51.278164
50,1055.000000,51.294289
50,1053.000000,51.345890
50,1059.000000,51.348042
50,1049.000000,51.339439